<imageGrid>
<photo image="images/01.jpg" colorboxImage="images/01.jpg" url="http://www.flashxml.net" target="_blank" colorboxInfo="Item 01" colorboxClass="image"><![CDATA[
<head>Hello</head>
<body>Optional text for image 1<br> This is a <a href="http://www.flashxml.net">demo link</a></body>]]></photo>
<photo image="images/02.jpg" colorboxImage="images/02.jpg" url="http://www.flashxml.net" target="_blank" colorboxInfo="Item 02" colorboxClass="image"><![CDATA[
<head>Download the new<br>Image Grid</head>
<body>Optional text for image 2<br> This is a <a href="http://www.flashxml.net">demo link</a></body>]]></photo>
<photo image="images/03.jpg" colorboxImage="images/03.jpg" url="http://www.flashxml.net" target="_blank" colorboxInfo="Item 03" colorboxClass="image"><![CDATA[
<head>For FREE</head>
<body>Optional text for image 3<br> This is a <a href="http://www.flashxml.net">demo link</a></body>]]></photo>
<photo image="images/04.jpg" colorboxImage="http://www.youtube.com/embed/N6AfN5EiUIg?wmode=transparent" url="http://www.flashxml.net" target="_blank" colorboxInfo="Item 04" colorboxClass="video"><![CDATA[
<head>Lots of options<br>to customize</head>
<body>Optional text for image 4<br> This is a <a href="http://www.flashxml.net">demo link</a></body>]]></photo>
<photo image="images/05.jpg" colorboxImage="images/05.jpg" url="http://www.flashxml.net" target="_blank" colorboxInfo="Item 05" colorboxClass="image"><![CDATA[
<head>Try them below</head>
<body>Optional text for image 5<br> This is a <a href="http://www.flashxml.net">demo link</a></body>]]></photo>
<photo image="images/06.jpg" colorboxImage="images/06.jpg" url="http://www.flashxml.net" target="_blank" colorboxInfo="Item 06" colorboxClass="image"><![CDATA[
<head>Customizable completely<br>without Flash</head>
<body>Optional text for image 6<br> This is a <a href="http://www.flashxml.net">demo link</a></body>]]></photo>
<photo image="images/07.jpg" colorboxImage="images/07.jpg" url="http://www.flashxml.net" target="_blank" colorboxInfo="Item 07" colorboxClass="image"><![CDATA[
<head>Easy to integrate<br>in any website</head>
<body>Optional text for image 7<br> This is a <a href="http://www.flashxml.net">demo link</a></body>]]></photo>
<photo image="images/08.jpg" colorboxImage="images/08.jpg" url="http://www.flashxml.net" target="_blank" colorboxInfo="Item 08" colorboxClass="image"><![CDATA[
<head>Complete instructions<br>provided</head>
<body>Optional text for image 8<br> This is a <a href="http://www.flashxml.net">demo link</a></body>]]></photo>
<photo image="images/09.jpg" colorboxImage="images/09.jpg" url="http://www.flashxml.net" target="_blank" colorboxInfo="Item 09" colorboxClass="image"><![CDATA[
<head>Download it for FREE</head>
<body>Optional text for image 9<br> This is a <a href="http://www.flashxml.net">demo link</a></body>]]></photo>
<photo image="images/10.jpg" colorboxImage="images/10.jpg" url="http://www.flashxml.net" target="_blank" colorboxInfo="Item 10" colorboxClass="image"></photo>
<photo image="images/11.jpg" colorboxImage="images/11.jpg" url="http://www.flashxml.net" target="_blank" colorboxInfo="Item 11" colorboxClass="image"><![CDATA[
<head>Hello</head>
<body>Optional text for image 11<br> This is a <a href="http://www.flashxml.net">demo link</a></body>]]></photo>
<photo image="images/12.jpg" colorboxImage="images/12.jpg" url="http://www.flashxml.net" target="_blank" colorboxInfo="Item 12" colorboxClass="image"><![CDATA[
<head>Download the new<br>Image Grid</head>
<body>Optional text for image 12<br> This is a <a href="http://www.flashxml.net">demo link</a></body>]]></photo>
<photo image="images/13.jpg" colorboxImage="images/13.jpg" url="http://www.flashxml.net" target="_blank" colorboxInfo="Item 13" colorboxClass="image"><![CDATA[
<head>For FREE</head>
<body>Optional text for image 13<br> This is a <a href="http://www.flashxml.net">demo link</a></body>]]></photo>
<photo image="images/14.jpg" colorboxImage="images/14.jpg" url="http://www.flashxml.net" target="_blank" colorboxInfo="Item 14" colorboxClass="image"><![CDATA[
<head>Lots of options<br>to customize</head>
<body>Optional text for image 14<br> This is a <a href="http://www.flashxml.net">demo link</a></body>]]></photo>
<photo image="images/15.jpg" colorboxImage="images/15.jpg" url="http://www.flashxml.net" target="_blank" colorboxInfo="Item 15" colorboxClass="image"><![CDATA[
<head>Try them below</head>
<body>Optional text for image 15<br> This is a <a href="http://www.flashxml.net">demo link</a></body>]]></photo>
<photo image="images/16.jpg" colorboxImage="images/16.jpg" url="http://www.flashxml.net" target="_blank" colorboxInfo="Item 16" colorboxClass="image"><![CDATA[
<head>Customizable completely<br>without Flash</head>
<body>Optional text for image 16<br> This is a <a href="http://www.flashxml.net">demo link</a></body>]]></photo>
<photo image="images/17.jpg" colorboxImage="images/17.jpg" url="http://www.flashxml.net" target="_blank" colorboxInfo="Item 17" colorboxClass="image"><![CDATA[
<head>Easy to integrate<br>in any website</head>
<body>Optional text for image 17<br> This is a <a href="http://www.flashxml.net">demo link</a></body>]]></photo>
<photo image="images/18.jpg" colorboxImage="images/18.jpg" url="http://www.flashxml.net" target="_blank" colorboxInfo="Item 18" colorboxClass="image"><![CDATA[
<head>Complete instructions<br>provided</head>
<body>Optional text for image 18<br> This is a <a href="http://www.flashxml.net">demo link</a></body>]]></photo>
<photo image="images/19.jpg" colorboxImage="images/19.jpg" url="http://www.flashxml.net" target="_blank" colorboxInfo="Item 19" colorboxClass="image"><![CDATA[
<head>Download it for FREE</head>
<body>Optional text for image 19<br> This is a <a href="http://www.flashxml.net">demo link</a></body>]]></photo>
<photo image="images/20.jpg" colorboxImage="images/20.jpg" url="http://www.flashxml.net" target="_blank" colorboxInfo="Item 20" colorboxClass="image"></photo>
<photo image="images/21.jpg" colorboxImage="images/21.jpg" url="http://www.flashxml.net" target="_blank" colorboxInfo="Item 21" colorboxClass="image"><![CDATA[
<head>Hello</head>
<body>Optional text for image 21<br> This is a <a href="http://www.flashxml.net">demo link</a></body>]]></photo>
<photo image="images/22.jpg" colorboxImage="images/22.jpg" url="http://www.flashxml.net" target="_blank" colorboxInfo="Item 22" colorboxClass="image"><![CDATA[
<head>Download the new<br>Image Grid</head>
<body>Optional text for image 22<br> This is a <a href="http://www.flashxml.net">demo link</a></body>]]></photo>
<photo image="images/23.jpg" colorboxImage="images/23.jpg" url="http://www.flashxml.net" target="_blank" colorboxInfo="Item 23" colorboxClass="image"><![CDATA[
<head>For FREE</head>
<body>Optional text for image 23<br> This is a <a href="http://www.flashxml.net">demo link</a></body>]]></photo>
<photo image="images/24.jpg" colorboxImage="images/24.jpg" url="http://www.flashxml.net" target="_blank" colorboxInfo="Item 24" colorboxClass="image"><![CDATA[
<head>Lots of options<br>to customize</head>
<body>Optional text for image 24<br> This is a <a href="http://www.flashxml.net">demo link</a></body>]]></photo>
<photo image="images/25.jpg" colorboxImage="images/25.jpg" url="http://www.flashxml.net" target="_blank" colorboxInfo="Item 25" colorboxClass="image"><![CDATA[
<head>Try them below</head>
<body>Optional text for image 25<br> This is a <a href="http://www.flashxml.net">demo link</a></body>]]></photo>
<photo image="images/26.jpg" colorboxImage="images/26.jpg" url="http://www.flashxml.net" target="_blank" colorboxInfo="Item 26" colorboxClass="image"><![CDATA[
<head>Customizable completely<br>without Flash</head>
<body>Optional text for image 26<br> This is a <a href="http://www.flashxml.net">demo link</a></body>]]></photo>
<photo image="images/27.jpg" colorboxImage="images/27.jpg" url="http://www.flashxml.net" target="_blank" colorboxInfo="Item 27" colorboxClass="image"><![CDATA[
<head>Easy to integrate<br>in any website</head>
<body>Optional text for image 27<br> This is a <a href="http://www.flashxml.net">demo link</a></body>]]></photo>
<photo image="images/28.jpg" colorboxImage="images/28.jpg" url="http://www.flashxml.net" target="_blank" colorboxInfo="Item 28" colorboxClass="image"><![CDATA[
<head>Complete instructions<br>provided</head>
<body>Optional text for image 28<br> This is a <a href="http://www.flashxml.net">demo link</a></body>]]></photo>
<photo image="images/29.jpg" colorboxImage="images/29.jpg" url="http://www.flashxml.net" target="_blank" colorboxInfo="Item 29" colorboxClass="image"><![CDATA[
<head>Download it for FREE</head>
<body>Optional text for image 29<br> This is a <a href="http://www.flashxml.net">demo link</a></body>]]></photo>
<photo image="images/30.jpg" colorboxImage="images/30.jpg" url="http://www.flashxml.net" target="_blank" colorboxInfo="Item 30" colorboxClass="image"></photo>
<photo image="images/31.jpg" colorboxImage="images/31.jpg" url="http://www.flashxml.net" target="_blank" colorboxInfo="Item 31" colorboxClass="image"><![CDATA[
<head>Hello</head>
<body>Optional text for image 31<br> This is a <a href="http://www.flashxml.net">demo link</a></body>]]></photo>
<photo image="images/32.jpg" colorboxImage="images/32.jpg" url="http://www.flashxml.net" target="_blank" colorboxInfo="Item 32" colorboxClass="image"><![CDATA[
<head>Download the new<br>Image Grid</head>
<body>Optional text for image 32<br> This is a <a href="http://www.flashxml.net">demo link</a></body>]]></photo>
<photo image="images/33.jpg" colorboxImage="images/33.jpg" url="http://www.flashxml.net" target="_blank" colorboxInfo="Item 33" colorboxClass="image"><![CDATA[
<head>Hello</head>
<body>Optional text for image 33<br> This is a <a href="http://www.flashxml.net">demo link</a></body>]]></photo>
<photo image="images/34.jpg" colorboxImage="images/34.jpg" url="http://www.flashxml.net" target="_blank" colorboxInfo="Item 34" colorboxClass="image"><![CDATA[
<head>Download the new<br>Image Grid</head>
<body>Optional text for image 34<br> This is a <a href="http://www.flashxml.net">demo link</a></body>]]></photo>
<photo image="images/35.jpg" colorboxImage="images/35.jpg" url="http://www.flashxml.net" target="_blank" colorboxInfo="Item 35" colorboxClass="image"><![CDATA[
<head>For FREE</head>
<body>Optional text for image 35<br> This is a <a href="http://www.flashxml.net">demo link</a></body>]]></photo>
<photo image="images/36.jpg" colorboxImage="images/36.jpg" url="http://www.flashxml.net" target="_blank" colorboxInfo="Item 36" colorboxClass="image"><![CDATA[
<head>Lots of options<br>to customize</head>
<body>Optional text for image 36<br> This is a <a href="http://www.flashxml.net">demo link</a></body>]]></photo>
<photo image="images/37.jpg" colorboxImage="images/37.jpg" url="http://www.flashxml.net" target="_blank" colorboxInfo="Item 37" colorboxClass="image"><![CDATA[
<head>Try them below</head>
<body>Optional text for image 37<br> This is a <a href="http://www.flashxml.net">demo link</a></body>]]></photo>
<photo image="images/38.jpg" colorboxImage="images/38.jpg" url="http://www.flashxml.net" target="_blank" colorboxInfo="Item 38" colorboxClass="image"><![CDATA[
<head>Customizable completely<br>without Flash</head>
<body>Optional text for image 38<br> This is a <a href="http://www.flashxml.net">demo link</a></body>]]></photo>
<photo image="images/39.jpg" colorboxImage="images/39.jpg" url="http://www.flashxml.net" target="_blank" colorboxInfo="Item 39" colorboxClass="image"><![CDATA[
<head>Easy to integrate<br>in any website</head>
<body>Optional text for image 39<br> This is a <a href="http://www.flashxml.net">demo link</a></body>]]></photo>
<photo image="images/40.jpg" colorboxImage="images/40.jpg" url="http://www.flashxml.net" target="_blank" colorboxInfo="Item 40" colorboxClass="image"><![CDATA[
<head>Complete instructions<br>provided</head>
<body>Optional text for image 40<br> This is a <a href="http://www.flashxml.net">demo link</a></body>]]></photo>
<photo image="images/41.jpg" colorboxImage="images/41.jpg" url="http://www.flashxml.net" target="_blank" colorboxInfo="Item 41" colorboxClass="image"><![CDATA[
<head>Download it for FREE</head>
<body>Optional text for image 41<br> This is a <a href="http://www.flashxml.net">demo link</a></body>]]></photo>
<photo image="images/42.jpg" colorboxImage="images/42.jpg" url="http://www.flashxml.net" target="_blank" colorboxInfo="Item 42" colorboxClass="image"></photo>
<photo image="images/43.jpg" colorboxImage="images/43.jpg" url="http://www.flashxml.net" target="_blank" colorboxInfo="Item 43" colorboxClass="image"><![CDATA[
<head>Hello</head>
<body>Optional text for image 43<br> This is a <a href="http://www.flashxml.net">demo link</a></body>]]></photo>
<photo image="images/44.jpg" colorboxImage="images/44.jpg" url="http://www.flashxml.net" target="_blank" colorboxInfo="Item 44" colorboxClass="image"><![CDATA[
<head>Download the new<br>Image Grid</head>
<body>Optional text for image 44<br> This is a <a href="http://www.flashxml.net">demo link</a></body>]]></photo>
<photo image="images/45.jpg" colorboxImage="images/45.jpg" url="http://www.flashxml.net" target="_blank" colorboxInfo="Item 45" colorboxClass="image"><![CDATA[
<head>Hello</head>
<body>Optional text for image 45<br> This is a <a href="http://www.flashxml.net">demo link</a></body>]]></photo>
<photo image="images/46.jpg" colorboxImage="images/46.jpg" url="http://www.flashxml.net" target="_blank" colorboxInfo="Item 46" colorboxClass="image"><![CDATA[
<head>Download the new<br>Image Grid</head>
<body>Optional text for image 46<br> This is a <a href="http://www.flashxml.net">demo link</a></body>]]></photo>
<photo image="images/47.jpg" colorboxImage="images/47.jpg" url="http://www.flashxml.net" target="_blank" colorboxInfo="Item 47" colorboxClass="image"><![CDATA[
<head>Hello</head>
<body>Optional text for image 47<br> This is a <a href="http://www.flashxml.net">demo link</a></body>]]></photo>
<photo image="images/48.jpg" colorboxImage="images/48.jpg" url="http://www.flashxml.net" target="_blank" colorboxInfo="Item 48" colorboxClass="image"><![CDATA[
<head>Download the new<br>Image Grid</head>
<body>Optional text for image 48<br> This is a <a href="http://www.flashxml.net">demo link</a></body>]]></photo>
<photo image="images/49.jpg" colorboxImage="images/49.jpg" url="http://www.flashxml.net" target="_blank" colorboxInfo="Item 49" colorboxClass="image"><![CDATA[
<head>For FREE</head>
<body>Optional text for image 49<br> This is a <a href="http://www.flashxml.net">demo link</a></body>]]></photo>
<photo image="images/50.jpg" colorboxImage="images/50.jpg" url="http://www.flashxml.net" target="_blank" colorboxInfo="Item 50" colorboxClass="image"><![CDATA[
<head>Lots of options<br>to customize</head>
<body>Optional text for image 50<br> This is a <a href="http://www.flashxml.net">demo link</a></body>]]></photo>
</imageGrid>